rainfall_1h_mm,rainfall_6h_mm,river_water_level_m,drainage_capacity_pct,soil_moisture_pct,elevation_m,flood_risk_level
2.5,8.0,1.2,25.0,45.0,215.0,0
5.0,12.0,1.8,35.0,52.0,210.0,0
8.0,22.0,2.4,50.0,60.0,205.0,0
14.0,38.0,3.5,65.0,75.0,202.0,1
18.5,45.0,4.1,78.0,82.0,198.0,1
22.0,55.0,4.6,82.0,88.0,195.0,1
35.0,78.0,5.4,92.0,94.0,192.0,2
48.0,110.0,6.2,98.0,97.0,189.0,2
3.0,7.5,1.1,20.0,40.0,220.0,0
16.0,40.0,3.8,70.0,78.0,200.0,1
28.0,65.0,4.9,88.0,91.0,194.0,2
40.0,95.0,5.8,95.0,96.0,190.0,2
1.0,4.0,0.9,15.0,35.0,225.0,0
12.0,30.0,3.1,60.0,70.0,208.0,1
25.0,60.0,4.7,85.0,89.0,196.0,2
